Domain Code,Domain,Area Code (M49),Area,Element Code,Element,Item Code (CPC),Item,Year Code,Year,Unit,Value,Flag,Flag Description,Note
"TCL","Crops and livestock products","004","Afghanistan","5910","Export Quantity","01344.02","Cherries","2022","2022","t","544.12","X","Figure from international organizations","Estimated data using trading partners database"
"TCL","Crops and livestock products","004","Afghanistan","5910","Export Quantity","01344.01","Sour cherries","2022","2022","t","37.97","X","Figure from international organizations","Estimated data using trading partners database"
"TCL","Crops and livestock products","008","Albania","5610","Import Quantity","01344.02","Cherries","2022","2022","t","83.01","X","Figure from international organizations","Estimated data using trading partners database"
"TCL","Crops and livestock products","008","Albania","5910","Export Quantity","01344.02","Cherries","2022","2022","t","14.28","X","Figure from international organizations","Estimated data using trading partners database"
"TCL","Crops and livestock products","008","Albania","5910","Export Quantity","01344.01","Sour cherries","2022","2022","t","0.01","X","Figure from international organizations","Estimated data using trading partners database"
"TCL","Crops and livestock products","012","Algeria","5910","Export Quantity","01344.02","Cherries","2022","2022","t","0.91","X","Figure from international organizations","Estimated data using trading partners database"
"TCL","Crops and livestock products","024","Angola","5610","Import Quantity","01344.02","Cherries","2022","2022","t","4.97","A","Official figure",""
"TCL","Crops and livestock products","024","Angola","5610","Import Quantity","01344.01","Sour cherries","2022","2022","t","0.35","A","Official figure",""
"TCL","Crops and livestock products","032","Argentina","5610","Import Quantity","01344.02","Cherries","2022","2022","t","237.84","A","Official figure",""
"TCL","Crops and livestock products","032","Argentina","5910","Export Quantity","01344.02","Cherries","2022","2022","t","5464.89","A","Official figure",""
"TCL","Crops and livestock products","032","Argentina","5610","Import Quantity","01344.01","Sour cherries","2022","2022","t","20","A","Official figure",""
"TCL","Crops and livestock products","032","Argentina","5910","Export Quantity","01344.01","Sour cherries","2022","2022","t","5.25","A","Official figure",""
"TCL","Crops and livestock products","051","Armenia","5610","Import Quantity","01344.02","Cherries","2022","2022","t","100.78","A","Official figure",""
"TCL","Crops and livestock products","051","Armenia","5910","Export Quantity","01344.02","Cherries","2022","2022","t","456.14","A","Official figure",""
"TCL","Crops and livestock products","051","Armenia","5610","Import Quantity","01344.01","Sour cherries","2022","2022","t","7.68","A","Official figure",""
"TCL","Crops and livestock products","051","Armenia","5910","Export Quantity","01344.01","Sour cherries","2022","2022","t","50.81","A","Official figure",""
"TCL","Crops and livestock products","036","Australia","5610","Import Quantity","01344.02","Cherries","2022","2022","t","590.69","A","Official figure",""
"TCL","Crops and livestock products","036","Australia","5910","Export Quantity","01344.02","Cherries","2022","2022","t","3262.39","A","Official figure",""
"TCL","Crops and livestock products","036","Australia","5910","Export Quantity","01344.01","Sour cherries","2022","2022","t","91.14","A","Official figure",""
"TCL","Crops and livestock products","040","Austria","5610","Import Quantity","01344.02","Cherries","2022","2022","t","16451.22","A","Official figure",""
"TCL","Crops and livestock products","040","Austria","5910","Export Quantity","01344.02","Cherries","2022","2022","t","12682.58","A","Official figure",""
"TCL","Crops and livestock products","040","Austria","5610","Import Quantity","01344.01","Sour cherries","2022","2022","t","2094.44","A","Official figure",""
"TCL","Crops and livestock products","040","Austria","5910","Export Quantity","01344.01","Sour cherries","2022","2022","t","322.65","A","Official figure",""
"TCL","Crops and livestock products","031","Azerbaijan","5610","Import Quantity","01344.02","Cherries","2022","2022","t","140.86","A","Official figure",""
"TCL","Crops and livestock products","031","Azerbaijan","5910","Export Quantity","01344.02","Cherries","2022","2022","t","29203.18","A","Official figure",""
"TCL","Crops and livestock products","031","Azerbaijan","5610","Import Quantity","01344.01","Sour cherries","2022","2022","t","333.2","A","Official figure",""
"TCL","Crops and livestock products","031","Azerbaijan","5910","Export Quantity","01344.01","Sour cherries","2022","2022","t","98.72","A","Official figure",""
"TCL","Crops and livestock products","044","Bahamas","5610","Import Quantity","01344.02","Cherries","2022","2022","t","329.95","A","Official figure",""
"TCL","Crops and livestock products","044","Bahamas","5610","Import Quantity","01344.01","Sour cherries","2022","2022","t","0.03","A","Official figure",""
"TCL","Crops and livestock products","048","Bahrain","5610","Import Quantity","01344.02","Cherries","2022","2022","t","22.25","A","Official figure",""
"TCL","Crops and livestock products","048","Bahrain","5910","Export Quantity","01344.02","Cherries","2022","2022","t","1.09","A","Official figure",""
"TCL","Crops and livestock products","048","Bahrain","5610","Import Quantity","01344.01","Sour cherries","2022","2022","t","545.32","A","Official figure",""
"TCL","Crops and livestock products","050","Bangladesh","5610","Import Quantity","01344.02","Cherries","2022","2022","t","1.2","X","Figure from international organizations","Estimated data using trading partners database"
"TCL","Crops and livestock products","052","Barbados","5610","Import Quantity","01344.02","Cherries","2022","2022","t","54.88","A","Official figure",""
"TCL","Crops and livestock products","052","Barbados","5610","Import Quantity","01344.01","Sour cherries","2022","2022","t","7.34","A","Official figure",""
"TCL","Crops and livestock products","112","Belarus","5610","Import Quantity","01344.02","Cherries","2022","2022","t","4807.19","X","Figure from international organizations","Estimated data using trading partners database"
"TCL","Crops and livestock products","112","Belarus","5610","Import Quantity","01344.01","Sour cherries","2022","2022","t","313.58","X","Figure from international organizations","Estimated data using trading partners database"
"TCL","Crops and livestock products","056","Belgium","5610","Import Quantity","01344.02","Cherries","2022","2022","t","4799.48","A","Official figure",""
"TCL","Crops and livestock products","056","Belgium","5910","Export Quantity","01344.02","Cherries","2022","2022","t","5300.68","A","Official figure",""
"TCL","Crops and livestock products","056","Belgium","5610","Import Quantity","01344.01","Sour cherries","2022","2022","t","548.75","A","Official figure",""
"TCL","Crops and livestock products","056","Belgium","5910","Export Quantity","01344.01","Sour cherries","2022","2022","t","132.21","A","Official figure",""
"TCL","Crops and livestock products","084","Belize","5610","Import Quantity","01344.02","Cherries","2022","2022","t","0.18","A","Official figure",""
"TCL","Crops and livestock products","084","Belize","5610","Import Quantity","01344.01","Sour cherries","2022","2022","t","1.66","A","Official figure",""
"TCL","Crops and livestock products","064","Bhutan","5610","Import Quantity","01344.02","Cherries","2022","2022","t","0.1","X","Figure from international organizations","Estimated data using trading partners database"
"TCL","Crops and livestock products","064","Bhutan","5610","Import Quantity","01344.01","Sour cherries","2022","2022","t","0.14","X","Figure from international organizations","Estimated data using trading partners database"
"TCL","Crops and livestock products","068","Bolivia (Plurinational State of)","5610","Import Quantity","01344.02","Cherries","2022","2022","t","517.78","I","Imputed value",""
"TCL","Crops and livestock products","068","Bolivia (Plurinational State of)","5610","Import Quantity","01344.01","Sour cherries","2022","2022","t","0","A","Official figure",""
"TCL","Crops and livestock products","070","Bosnia and Herzegovina","5610","Import Quantity","01344.02","Cherries","2022","2022","t","57.55","A","Official figure",""
"TCL","Crops and livestock products","070","Bosnia and Herzegovina","5910","Export Quantity","01344.02","Cherries","2022","2022","t","41.79","A","Official figure",""
"TCL","Crops and livestock products","070","Bosnia and Herzegovina","5610","Import Quantity","01344.01","Sour cherries","2022","2022","t","3639.61","A","Official figure",""
"TCL","Crops and livestock products","072","Botswana","5610","Import Quantity","01344.02","Cherries","2022","2022","t","30.51","A","Official figure",""
"TCL","Crops and livestock products","072","Botswana","5910","Export Quantity","01344.02","Cherries","2022","2022","t","0.01","A","Official figure",""
"TCL","Crops and livestock products","072","Botswana","5610","Import Quantity","01344.01","Sour cherries","2022","2022","t","2.28","A","Official figure",""
"TCL","Crops and livestock products","076","Brazil","5610","Import Quantity","01344.02","Cherries","2022","2022","t","3792.72","A","Official figure",""
"TCL","Crops and livestock products","076","Brazil","5910","Export Quantity","01344.02","Cherries","2022","2022","t","0.04","A","Official figure",""
"TCL","Crops and livestock products","096","Brunei Darussalam","5610","Import Quantity","01344.02","Cherries","2022","2022","t","2.16","A","Official figure",""
"TCL","Crops and livestock products","096","Brunei Darussalam","5610","Import Quantity","01344.01","Sour cherries","2022","2022","t","7.07","A","Official figure",""
"TCL","Crops and livestock products","100","Bulgaria","5610","Import Quantity","01344.02","Cherries","2022","2022","t","2025.84","A","Official figure",""
"TCL","Crops and livestock products","100","Bulgaria","5910","Export Quantity","01344.02","Cherries","2022","2022","t","555.97","A","Official figure",""
"TCL","Crops and livestock products","100","Bulgaria","5610","Import Quantity","01344.01","Sour cherries","2022","2022","t","919.55","A","Official figure",""
"TCL","Crops and livestock products","100","Bulgaria","5910","Export Quantity","01344.01","Sour cherries","2022","2022","t","1068.61","A","Official figure",""
"TCL","Crops and livestock products","132","Cabo Verde","5610","Import Quantity","01344.02","Cherries","2022","2022","t","14.23","A","Official figure",""
"TCL","Crops and livestock products","132","Cabo Verde","5610","Import Quantity","01344.01","Sour cherries","2022","2022","t","0.03","A","Official figure",""
"TCL","Crops and livestock products","116","Cambodia","5610","Import Quantity","01344.02","Cherries","2022","2022","t","379.92","A","Official figure",""
"TCL","Crops and livestock products","120","Cameroon","5610","Import Quantity","01344.02","Cherries","2022","2022","t","2.8","X","Figure from international organizations","Estimated data using trading partners database"
"TCL","Crops and livestock products","120","Cameroon","5910","Export Quantity","01344.02","Cherries","2022","2022","t","21.38","X","Figure from international organizations","Estimated data using trading partners database"
"TCL","Crops and livestock products","124","Canada","5610","Import Quantity","01344.02","Cherries","2022","2022","t","18762.22","A","Official figure",""
"TCL","Crops and livestock products","124","Canada","5910","Export Quantity","01344.02","Cherries","2022","2022","t","12148.41","A","Official figure",""
"TCL","Crops and livestock products","124","Canada","5610","Import Quantity","01344.01","Sour cherries","2022","2022","t","162.49","A","Official figure",""
"TCL","Crops and livestock products","140","Central African Republic","5610","Import Quantity","01344.02","Cherries","2022","2022","t","21.38","A","Official figure",""
"TCL","Crops and livestock products","152","Chile","5910","Export Quantity","01344.02","Cherries","2022","2022","t","396525.19","A","Official figure",""
"TCL","Crops and livestock products","152","Chile","5910","Export Quantity","01344.01","Sour cherries","2022","2022","t","615.67","A","Official figure",""
"TCL","Crops and livestock products","159","China","5610","Import Quantity","01344.02","Cherries","2022","2022","t","603960.96","A","Official figure",""
"TCL","Crops and livestock products","159","China","5910","Export Quantity","01344.02","Cherries","2022","2022","t","237261.11","A","Official figure",""
"TCL","Crops and livestock products","344","China, Hong Kong SAR","5610","Import Quantity","01344.02","Cherries","2022","2022","t","224375.52","A","Official figure",""
"TCL","Crops and livestock products","344","China, Hong Kong SAR","5910","Export Quantity","01344.02","Cherries","2022","2022","t","237251.57","A","Official figure",""
"TCL","Crops and livestock products","446","China, Macao SAR","5610","Import Quantity","01344.02","Cherries","2022","2022","t","289.58","A","Official figure",""
"TCL","Crops and livestock products","156","China, mainland","5610","Import Quantity","01344.02","Cherries","2022","2022","t","366943.52","A","Official figure",""
"TCL","Crops and livestock products","156","China, mainland","5910","Export Quantity","01344.02","Cherries","2022","2022","t","9.47","A","Official figure",""
"TCL","Crops and livestock products","158","China, Taiwan Province of","5610","Import Quantity","01344.02","Cherries","2022","2022","t","12352.33","A","Official figure",""
"TCL","Crops and livestock products","158","China, Taiwan Province of","5910","Export Quantity","01344.02","Cherries","2022","2022","t","0.07","A","Official figure",""
"TCL","Crops and livestock products","170","Colombia","5610","Import Quantity","01344.02","Cherries","2022","2022","t","177.44","A","Official figure",""
"TCL","Crops and livestock products","170","Colombia","5910","Export Quantity","01344.02","Cherries","2022","2022","t","0.01","A","Official figure",""
"TCL","Crops and livestock products","170","Colombia","5610","Import Quantity","01344.01","Sour cherries","2022","2022","t","3.96","A","Official figure",""
"TCL","Crops and livestock products","184","Cook Islands","5610","Import Quantity","01344.02","Cherries","2022","2022","t","0.38","X","Figure from international organizations","Estimated data using trading partners database"
"TCL","Crops and livestock products","188","Costa Rica","5610","Import Quantity","01344.02","Cherries","2022","2022","t","39.67","A","Official figure",""
"TCL","Crops and livestock products","188","Costa Rica","5910","Export Quantity","01344.02","Cherries","2022","2022","t","0.64","A","Official figure",""
"TCL","Crops and livestock products","384","Côte d'Ivoire","5610","Import Quantity","01344.02","Cherries","2022","2022","t","6.66","A","Official figure",""
"TCL","Crops and livestock products","191","Croatia","5610","Import Quantity","01344.02","Cherries","2022","2022","t","1179.09","A","Official figure",""
"TCL","Crops and livestock products","191","Croatia","5910","Export Quantity","01344.02","Cherries","2022","2022","t","764.46","A","Official figure",""
"TCL","Crops and livestock products","191","Croatia","5610","Import Quantity","01344.01","Sour cherries","2022","2022","t","467.54","A","Official figure",""
"TCL","Crops and livestock products","191","Croatia","5910","Export Quantity","01344.01","Sour cherries","2022","2022","t","1589.17","A","Official figure",""
"TCL","Crops and livestock products","196","Cyprus","5610","Import Quantity","01344.02","Cherries","2022","2022","t","558.45","A","Official figure",""
"TCL","Crops and livestock products","196","Cyprus","5610","Import Quantity","01344.01","Sour cherries","2022","2022","t","101.9","A","Official figure",""
"TCL","Crops and livestock products","203","Czechia","5610","Import Quantity","01344.02","Cherries","2022","2022","t","651.62","A","Official figure",""
"TCL","Crops and livestock products","203","Czechia","5910","Export Quantity","01344.02","Cherries","2022","2022","t","178.25","A","Official figure",""
"TCL","Crops and livestock products","203","Czechia","5610","Import Quantity","01344.01","Sour cherries","2022","2022","t","51.21","A","Official figure",""
"TCL","Crops and livestock products","203","Czechia","5910","Export Quantity","01344.01","Sour cherries","2022","2022","t","2540.19","A","Official figure",""
"TCL","Crops and livestock products","180","Democratic Republic of the Congo","5610","Import Quantity","01344.02","Cherries","2022","2022","t","0.2","X","Figure from international organizations","Estimated data using trading partners database"
"TCL","Crops and livestock products","180","Democratic Republic of the Congo","5610","Import Quantity","01344.01","Sour cherries","2022","2022","t","0.04","X","Figure from international organizations","Estimated data using trading partners database"
"TCL","Crops and livestock products","208","Denmark","5610","Import Quantity","01344.02","Cherries","2022","2022","t","2875.34","A","Official figure",""
"TCL","Crops and livestock products","208","Denmark","5910","Export Quantity","01344.02","Cherries","2022","2022","t","663.34","A","Official figure",""
"TCL","Crops and livestock products","208","Denmark","5610","Import Quantity","01344.01","Sour cherries","2022","2022","t","13.85","A","Official figure",""
"TCL","Crops and livestock products","208","Denmark","5910","Export Quantity","01344.01","Sour cherries","2022","2022","t","1.48","A","Official figure",""
"TCL","Crops and livestock products","262","Djibouti","5610","Import Quantity","01344.02","Cherries","2022","2022","t","0.01","X","Figure from international organizations","Estimated data using trading partners database"
"TCL","Crops and livestock products","214","Dominican Republic","5610","Import Quantity","01344.02","Cherries","2022","2022","t","26.42","A","Official figure",""
"TCL","Crops and livestock products","214","Dominican Republic","5610","Import Quantity","01344.01","Sour cherries","2022","2022","t","0.98","A","Official figure",""
"TCL","Crops and livestock products","214","Dominican Republic","5910","Export Quantity","01344.01","Sour cherries","2022","2022","t","2.1","A","Official figure",""
"TCL","Crops and livestock products","218","Ecuador","5610","Import Quantity","01344.02","Cherries","2022","2022","t","3085.22","A","Official figure",""
"TCL","Crops and livestock products","818","Egypt","5610","Import Quantity","01344.02","Cherries","2022","2022","t","71.7","I","Imputed value",""
"TCL","Crops and livestock products","818","Egypt","5910","Export Quantity","01344.02","Cherries","2022","2022","t","18.51","I","Imputed value",""
"TCL","Crops and livestock products","818","Egypt","5610","Import Quantity","01344.01","Sour cherries","2022","2022","t","1525.41","I","Imputed value",""
"TCL","Crops and livestock products","222","El Salvador","5610","Import Quantity","01344.02","Cherries","2022","2022","t","11.11","A","Official figure",""
"TCL","Crops and livestock products","226","Equatorial Guinea","5610","Import Quantity","01344.01","Sour cherries","2022","2022","t","0.03","X","Figure from international organizations","Estimated data using trading partners database"
"TCL","Crops and livestock products","233","Estonia","5610","Import Quantity","01344.02","Cherries","2022","2022","t","599","A","Official figure",""
"TCL","Crops and livestock products","233","Estonia","5910","Export Quantity","01344.02","Cherries","2022","2022","t","19.69","A","Official figure",""
"TCL","Crops and livestock products","233","Estonia","5610","Import Quantity","01344.01","Sour cherries","2022","2022","t","555.94","A","Official figure",""
"TCL","Crops and livestock products","233","Estonia","5910","Export Quantity","01344.01","Sour cherries","2022","2022","t","256.77","A","Official figure",""
"TCL","Crops and livestock products","748","Eswatini","5610","Import Quantity","01344.02","Cherries","2022","2022","t","0.65","X","Figure from international organizations","Estimated data using trading partners database"
"TCL","Crops and livestock products","748","Eswatini","5610","Import Quantity","01344.01","Sour cherries","2022","2022","t","2.35","X","Figure from international organizations","Estimated data using trading partners database"
"TCL","Crops and livestock products","234","Faroe Islands","5610","Import Quantity","01344.02","Cherries","2022","2022","t","4.57","X","Figure from international organizations","Estimated data using trading partners database"
"TCL","Crops and livestock products","234","Faroe Islands","5610","Import Quantity","01344.01","Sour cherries","2022","2022","t","0.05","X","Figure from international organizations","Estimated data using trading partners database"
"TCL","Crops and livestock products","242","Fiji","5610","Import Quantity","01344.02","Cherries","2022","2022","t","0.42","A","Official figure",""
"TCL","Crops and livestock products","246","Finland","5610","Import Quantity","01344.02","Cherries","2022","2022","t","572","A","Official figure",""
"TCL","Crops and livestock products","246","Finland","5910","Export Quantity","01344.02","Cherries","2022","2022","t","1.79","A","Official figure",""
"TCL","Crops and livestock products","246","Finland","5610","Import Quantity","01344.01","Sour cherries","2022","2022","t","275.97","A","Official figure",""
"TCL","Crops and livestock products","246","Finland","5910","Export Quantity","01344.01","Sour cherries","2022","2022","t","0.03","A","Official figure",""
"TCL","Crops and livestock products","250","France","5610","Import Quantity","01344.02","Cherries","2022","2022","t","8278.77","A","Official figure",""
"TCL","Crops and livestock products","250","France","5910","Export Quantity","01344.02","Cherries","2022","2022","t","1540.64","A","Official figure",""
"TCL","Crops and livestock products","250","France","5610","Import Quantity","01344.01","Sour cherries","2022","2022","t","173.88","A","Official figure",""
"TCL","Crops and livestock products","250","France","5910","Export Quantity","01344.01","Sour cherries","2022","2022","t","145.77","A","Official figure",""
"TCL","Crops and livestock products","258","French Polynesia","5610","Import Quantity","01344.02","Cherries","2022","2022","t","10.71","A","Official figure",""
"TCL","Crops and livestock products","258","French Polynesia","5610","Import Quantity","01344.01","Sour cherries","2022","2022","t","0.93","A","Official figure",""
"TCL","Crops and livestock products","268","Georgia","5610","Import Quantity","01344.02","Cherries","2022","2022","t","498.77","A","Official figure",""
"TCL","Crops and livestock products","268","Georgia","5910","Export Quantity","01344.02","Cherries","2022","2022","t","292.28","A","Official figure",""
"TCL","Crops and livestock products","268","Georgia","5610","Import Quantity","01344.01","Sour cherries","2022","2022","t","0.25","A","Official figure",""
"TCL","Crops and livestock products","268","Georgia","5910","Export Quantity","01344.01","Sour cherries","2022","2022","t","9.14","A","Official figure",""
"TCL","Crops and livestock products","276","Germany","5610","Import Quantity","01344.02","Cherries","2022","2022","t","37883.55","A","Official figure",""
"TCL","Crops and livestock products","276","Germany","5910","Export Quantity","01344.02","Cherries","2022","2022","t","3797.32","A","Official figure",""
"TCL","Crops and livestock products","276","Germany","5610","Import Quantity","01344.01","Sour cherries","2022","2022","t","14159.14","A","Official figure",""
"TCL","Crops and livestock products","276","Germany","5910","Export Quantity","01344.01","Sour cherries","2022","2022","t","564.43","A","Official figure",""
"TCL","Crops and livestock products","288","Ghana","5610","Import Quantity","01344.02","Cherries","2022","2022","t","1.71","X","Figure from international organizations","Estimated data using trading partners database"
"TCL","Crops and livestock products","288","Ghana","5610","Import Quantity","01344.01","Sour cherries","2022","2022","t","0.08","X","Figure from international organizations","Estimated data using trading partners database"
"TCL","Crops and livestock products","300","Greece","5610","Import Quantity","01344.02","Cherries","2022","2022","t","82.16","A","Official figure",""
"TCL","Crops and livestock products","300","Greece","5910","Export Quantity","01344.02","Cherries","2022","2022","t","23657.68","A","Official figure",""
"TCL","Crops and livestock products","300","Greece","5610","Import Quantity","01344.01","Sour cherries","2022","2022","t","1.5","A","Official figure",""
"TCL","Crops and livestock products","300","Greece","5910","Export Quantity","01344.01","Sour cherries","2022","2022","t","311.2","A","Official figure",""
"TCL","Crops and livestock products","308","Grenada","5610","Import Quantity","01344.02","Cherries","2022","2022","t","2.43","A","Official figure",""
"TCL","Crops and livestock products","320","Guatemala","5610","Import Quantity","01344.02","Cherries","2022","2022","t","64.4","A","Official figure",""
"TCL","Crops and livestock products","320","Guatemala","5910","Export Quantity","01344.02","Cherries","2022","2022","t","1.56","A","Official figure",""
"TCL","Crops and livestock products","320","Guatemala","5610","Import Quantity","01344.01","Sour cherries","2022","2022","t","11.8","A","Official figure",""
"TCL","Crops and livestock products","320","Guatemala","5910","Export Quantity","01344.01","Sour cherries","2022","2022","t","4.39","A","Official figure",""
"TCL","Crops and livestock products","324","Guinea","5610","Import Quantity","01344.02","Cherries","2022","2022","t","0.18","X","Figure from international organizations","Estimated data using trading partners database"
"TCL","Crops and livestock products","324","Guinea","5610","Import Quantity","01344.01","Sour cherries","2022","2022","t","0.19","X","Figure from international organizations","Estimated data using trading partners database"
"TCL","Crops and livestock products","624","Guinea-Bissau","5610","Import Quantity","01344.01","Sour cherries","2022","2022","t","0.01","X","Figure from international organizations","Estimated data using trading partners database"
"TCL","Crops and livestock products","328","Guyana","5610","Import Quantity","01344.02","Cherries","2022","2022","t","5.58","A","Official figure",""
"TCL","Crops and livestock products","328","Guyana","5610","Import Quantity","01344.01","Sour cherries","2022","2022","t","14.03","A","Official figure",""
"TCL","Crops and livestock products","332","Haiti","5610","Import Quantity","01344.02","Cherries","2022","2022","t","2.58","X","Figure from international organizations","Estimated data using trading partners database"
"TCL","Crops and livestock products","340","Honduras","5610","Import Quantity","01344.02","Cherries","2022","2022","t","10.51","X","Figure from international organizations","Estimated data using trading partners database"
"TCL","Crops and livestock products","340","Honduras","5910","Export Quantity","01344.02","Cherries","2022","2022","t","0.09","X","Figure from international organizations","Estimated data using trading partners database"
"TCL","Crops and livestock products","340","Honduras","5610","Import Quantity","01344.01","Sour cherries","2022","2022","t","4.39","X","Figure from international organizations","Estimated data using trading partners database"
"TCL","Crops and livestock products","348","Hungary","5610","Import Quantity","01344.02","Cherries","2022","2022","t","1235.1","A","Official figure",""
"TCL","Crops and livestock products","348","Hungary","5910","Export Quantity","01344.02","Cherries","2022","2022","t","1790.63","A","Official figure",""
"TCL","Crops and livestock products","348","Hungary","5610","Import Quantity","01344.01","Sour cherries","2022","2022","t","493.32","A","Official figure",""
"TCL","Crops and livestock products","348","Hungary","5910","Export Quantity","01344.01","Sour cherries","2022","2022","t","9703.42","A","Official figure",""
"TCL","Crops and livestock products","352","Iceland","5610","Import Quantity","01344.02","Cherries","2022","2022","t","48.13","A","Official figure",""
"TCL","Crops and livestock products","352","Iceland","5910","Export Quantity","01344.02","Cherries","2022","2022","t","0","A","Official figure",""
"TCL","Crops and livestock products","356","India","5610","Import Quantity","01344.02","Cherries","2022","2022","t","1462","A","Official figure",""
"TCL","Crops and livestock products","356","India","5910","Export Quantity","01344.02","Cherries","2022","2022","t","12.18","A","Official figure",""
"TCL","Crops and livestock products","356","India","5610","Import Quantity","01344.01","Sour cherries","2022","2022","t","1.9","A","Official figure",""
"TCL","Crops and livestock products","356","India","5910","Export Quantity","01344.01","Sour cherries","2022","2022","t","0.23","A","Official figure",""
"TCL","Crops and livestock products","360","Indonesia","5610","Import Quantity","01344.02","Cherries","2022","2022","t","268.27","A","Official figure",""
"TCL","Crops and livestock products","360","Indonesia","5910","Export Quantity","01344.02","Cherries","2022","2022","t","0.55","A","Official figure",""
"TCL","Crops and livestock products","360","Indonesia","5910","Export Quantity","01344.01","Sour cherries","2022","2022","t","0.02","A","Official figure",""
"TCL","Crops and livestock products","364","Iran (Islamic Republic of)","5610","Import Quantity","01344.02","Cherries","2022","2022","t","23.25","X","Figure from international organizations","Estimated data using trading partners database"
"TCL","Crops and livestock products","364","Iran (Islamic Republic of)","5910","Export Quantity","01344.01","Sour cherries","2022","2022","t","358","X","Figure from international organizations","Estimated data using trading partners database"
"TCL","Crops and livestock products","368","Iraq","5610","Import Quantity","01344.02","Cherries","2022","2022","t","7848.02","X","Figure from international organizations","Estimated data using trading partners database"
"TCL","Crops and livestock products","368","Iraq","5610","Import Quantity","01344.01","Sour cherries","2022","2022","t","182","X","Figure from international organizations","Estimated data using trading partners database"
"TCL","Crops and livestock products","372","Ireland","5610","Import Quantity","01344.02","Cherries","2022","2022","t","431.33","A","Official figure",""
"TCL","Crops and livestock products","372","Ireland","5910","Export Quantity","01344.02","Cherries","2022","2022","t","16.34","A","Official figure",""
"TCL","Crops and livestock products","372","Ireland","5610","Import Quantity","01344.01","Sour cherries","2022","2022","t","1.5","A","Official figure",""
"TCL","Crops and livestock products","372","Ireland","5910","Export Quantity","01344.01","Sour cherries","2022","2022","t","0.23","A","Official figure",""
"TCL","Crops and livestock products","380","Italy","5610","Import Quantity","01344.02","Cherries","2022","2022","t","7460.11","A","Official figure",""
"TCL","Crops and livestock products","380","Italy","5910","Export Quantity","01344.02","Cherries","2022","2022","t","8026.77","A","Official figure",""
"TCL","Crops and livestock products","380","Italy","5610","Import Quantity","01344.01","Sour cherries","2022","2022","t","978.34","A","Official figure",""
"TCL","Crops and livestock products","380","Italy","5910","Export Quantity","01344.01","Sour cherries","2022","2022","t","1388.31","A","Official figure",""
"TCL","Crops and livestock products","388","Jamaica","5610","Import Quantity","01344.02","Cherries","2022","2022","t","34.99","A","Official figure",""
"TCL","Crops and livestock products","388","Jamaica","5910","Export Quantity","01344.02","Cherries","2022","2022","t","1.33","A","Official figure",""
"TCL","Crops and livestock products","392","Japan","5610","Import Quantity","01344.02","Cherries","2022","2022","t","2369.46","A","Official figure",""
"TCL","Crops and livestock products","392","Japan","5910","Export Quantity","01344.02","Cherries","2022","2022","t","2.89","A","Official figure",""
"TCL","Crops and livestock products","400","Jordan","5610","Import Quantity","01344.02","Cherries","2022","2022","t","594.73","I","Imputed value",""
"TCL","Crops and livestock products","400","Jordan","5910","Export Quantity","01344.02","Cherries","2022","2022","t","56.08","I","Imputed value",""
"TCL","Crops and livestock products","400","Jordan","5910","Export Quantity","01344.01","Sour cherries","2022","2022","t","0","A","Official figure",""
"TCL","Crops and livestock products","398","Kazakhstan","5610","Import Quantity","01344.02","Cherries","2022","2022","t","8505.12","A","Official figure",""
"TCL","Crops and livestock products","398","Kazakhstan","5910","Export Quantity","01344.02","Cherries","2022","2022","t","726.7","I","Imputed value",""
"TCL","Crops and livestock products","398","Kazakhstan","5610","Import Quantity","01344.01","Sour cherries","2022","2022","t","167.62","A","Official figure",""
"TCL","Crops and livestock products","404","Kenya","5610","Import Quantity","01344.02","Cherries","2022","2022","t","53.3","A","Official figure",""
"TCL","Crops and livestock products","404","Kenya","5910","Export Quantity","01344.02","Cherries","2022","2022","t","0.09","A","Official figure",""
"TCL","Crops and livestock products","404","Kenya","5610","Import Quantity","01344.01","Sour cherries","2022","2022","t","0.62","A","Official figure",""
"TCL","Crops and livestock products","414","Kuwait","5610","Import Quantity","01344.02","Cherries","2022","2022","t","343.86","X","Figure from international organizations","Estimated data using trading partners database"
"TCL","Crops and livestock products","414","Kuwait","5610","Import Quantity","01344.01","Sour cherries","2022","2022","t","9.4","X","Figure from international organizations","Estimated data using trading partners database"
"TCL","Crops and livestock products","417","Kyrgyzstan","5610","Import Quantity","01344.02","Cherries","2022","2022","t","4823.18","A","Official figure",""
"TCL","Crops and livestock products","417","Kyrgyzstan","5910","Export Quantity","01344.02","Cherries","2022","2022","t","6148.08","A","Official figure",""
"TCL","Crops and livestock products","418","Lao People's Democratic Republic","5610","Import Quantity","01344.01","Sour cherries","2022","2022","t","8.1","X","Figure from international organizations","Estimated data using trading partners database"
"TCL","Crops and livestock products","428","Latvia","5610","Import Quantity","01344.02","Cherries","2022","2022","t","2661.99","A","Official figure",""
"TCL","Crops and livestock products","428","Latvia","5910","Export Quantity","01344.02","Cherries","2022","2022","t","714.8","A","Official figure",""
"TCL","Crops and livestock products","428","Latvia","5610","Import Quantity","01344.01","Sour cherries","2022","2022","t","63.42","A","Official figure",""
"TCL","Crops and livestock products","428","Latvia","5910","Export Quantity","01344.01","Sour cherries","2022","2022","t","5.33","A","Official figure",""
"TCL","Crops and livestock products","422","Lebanon","5610","Import Quantity","01344.02","Cherries","2022","2022","t","8.11","A","Official figure",""
"TCL","Crops and livestock products","422","Lebanon","5910","Export Quantity","01344.02","Cherries","2022","2022","t","961.81","A","Official figure",""
"TCL","Crops and livestock products","422","Lebanon","5610","Import Quantity","01344.01","Sour cherries","2022","2022","t","39.26","A","Official figure",""
"TCL","Crops and livestock products","422","Lebanon","5910","Export Quantity","01344.01","Sour cherries","2022","2022","t","1797.94","A","Official figure",""
"TCL","Crops and livestock products","426","Lesotho","5610","Import Quantity","01344.02","Cherries","2022","2022","t","30.79","A","Official figure",""
"TCL","Crops and livestock products","426","Lesotho","5610","Import Quantity","01344.01","Sour cherries","2022","2022","t","9.04","A","Official figure",""
"TCL","Crops and livestock products","430","Liberia","5610","Import Quantity","01344.01","Sour cherries","2022","2022","t","0.17","X","Figure from international organizations","Estimated data using trading partners database"
"TCL","Crops and livestock products","434","Libya","5610","Import Quantity","01344.02","Cherries","2022","2022","t","11.5","X","Figure from international organizations","Estimated data using trading partners database"
"TCL","Crops and livestock products","440","Lithuania","5610","Import Quantity","01344.02","Cherries","2022","2022","t","2058.2","A","Official figure",""
"TCL","Crops and livestock products","440","Lithuania","5910","Export Quantity","01344.02","Cherries","2022","2022","t","428.14","A","Official figure",""
"TCL","Crops and livestock products","440","Lithuania","5610","Import Quantity","01344.01","Sour cherries","2022","2022","t","219.04","A","Official figure",""
"TCL","Crops and livestock products","442","Luxembourg","5610","Import Quantity","01344.02","Cherries","2022","2022","t","392.58","A","Official figure",""
"TCL","Crops and livestock products","442","Luxembourg","5910","Export Quantity","01344.02","Cherries","2022","2022","t","13.45","A","Official figure",""
"TCL","Crops and livestock products","442","Luxembourg","5610","Import Quantity","01344.01","Sour cherries","2022","2022","t","28.47","A","Official figure",""
"TCL","Crops and livestock products","454","Malawi","5610","Import Quantity","01344.02","Cherries","2022","2022","t","0.29","A","Official figure",""
"TCL","Crops and livestock products","454","Malawi","5610","Import Quantity","01344.01","Sour cherries","2022","2022","t","0.03","A","Official figure",""
"TCL","Crops and livestock products","458","Malaysia","5610","Import Quantity","01344.02","Cherries","2022","2022","t","892.06","A","Official figure",""
"TCL","Crops and livestock products","458","Malaysia","5910","Export Quantity","01344.02","Cherries","2022","2022","t","5.09","A","Official figure",""
"TCL","Crops and livestock products","458","Malaysia","5610","Import Quantity","01344.01","Sour cherries","2022","2022","t","226.4","A","Official figure",""
"TCL","Crops and livestock products","458","Malaysia","5910","Export Quantity","01344.01","Sour cherries","2022","2022","t","0.49","A","Official figure",""
"TCL","Crops and livestock products","462","Maldives","5610","Import Quantity","01344.01","Sour cherries","2022","2022","t","24.09","A","Official figure",""
"TCL","Crops and livestock products","466","Mali","5610","Import Quantity","01344.01","Sour cherries","2022","2022","t","0.25","X","Figure from international organizations","Estimated data using trading partners database"
"TCL","Crops and livestock products","470","Malta","5610","Import Quantity","01344.02","Cherries","2022","2022","t","104.5","A","Official figure",""
"TCL","Crops and livestock products","470","Malta","5610","Import Quantity","01344.01","Sour cherries","2022","2022","t","1.02","A","Official figure",""
"TCL","Crops and livestock products","480","Mauritius","5610","Import Quantity","01344.02","Cherries","2022","2022","t","16.74","A","Official figure",""
"TCL","Crops and livestock products","480","Mauritius","5610","Import Quantity","01344.01","Sour cherries","2022","2022","t","45.14","A","Official figure",""
"TCL","Crops and livestock products","484","Mexico","5610","Import Quantity","01344.02","Cherries","2022","2022","t","1717.21","A","Official figure",""
"TCL","Crops and livestock products","496","Mongolia","5610","Import Quantity","01344.02","Cherries","2022","2022","t","14.01","A","Official figure",""
"TCL","Crops and livestock products","496","Mongolia","5610","Import Quantity","01344.01","Sour cherries","2022","2022","t","0.18","A","Official figure",""
"TCL","Crops and livestock products","499","Montenegro","5610","Import Quantity","01344.02","Cherries","2022","2022","t","313.09","A","Official figure",""
"TCL","Crops and livestock products","499","Montenegro","5610","Import Quantity","01344.01","Sour cherries","2022","2022","t","57.15","A","Official figure",""
"TCL","Crops and livestock products","504","Morocco","5610","Import Quantity","01344.01","Sour cherries","2022","2022","t","5.7","A","Official figure",""
"TCL","Crops and livestock products","504","Morocco","5910","Export Quantity","01344.01","Sour cherries","2022","2022","t","5.32","A","Official figure",""
"TCL","Crops and livestock products","508","Mozambique","5610","Import Quantity","01344.02","Cherries","2022","2022","t","11.43","A","Official figure",""
"TCL","Crops and livestock products","508","Mozambique","5610","Import Quantity","01344.01","Sour cherries","2022","2022","t","0.21","A","Official figure",""
"TCL","Crops and livestock products","104","Myanmar","5610","Import Quantity","01344.02","Cherries","2022","2022","t","2.47","A","Official figure",""
"TCL","Crops and livestock products","516","Namibia","5610","Import Quantity","01344.02","Cherries","2022","2022","t","10.81","A","Official figure",""
"TCL","Crops and livestock products","516","Namibia","5610","Import Quantity","01344.01","Sour cherries","2022","2022","t","0.27","A","Official figure",""
"TCL","Crops and livestock products","516","Namibia","5910","Export Quantity","01344.01","Sour cherries","2022","2022","t","0.03","A","Official figure",""
"TCL","Crops and livestock products","520","Nauru","5610","Import Quantity","01344.02","Cherries","2022","2022","t","0.11","X","Figure from international organizations","Estimated data using trading partners database"
"TCL","Crops and livestock products","524","Nepal","5610","Import Quantity","01344.02","Cherries","2022","2022","t","84.09","A","Official figure",""
"TCL","Crops and livestock products","524","Nepal","5910","Export Quantity","01344.02","Cherries","2022","2022","t","0.07","A","Official figure",""
"TCL","Crops and livestock products","524","Nepal","5610","Import Quantity","01344.01","Sour cherries","2022","2022","t","0","A","Official figure",""
"TCL","Crops and livestock products","528","Netherlands (Kingdom of the)","5610","Import Quantity","01344.02","Cherries","2022","2022","t","7815.61","A","Official figure",""
"TCL","Crops and livestock products","528","Netherlands (Kingdom of the)","5910","Export Quantity","01344.02","Cherries","2022","2022","t","4958.71","A","Official figure",""
"TCL","Crops and livestock products","528","Netherlands (Kingdom of the)","5610","Import Quantity","01344.01","Sour cherries","2022","2022","t","1911.51","A","Official figure",""
"TCL","Crops and livestock products","528","Netherlands (Kingdom of the)","5910","Export Quantity","01344.01","Sour cherries","2022","2022","t","29.08","A","Official figure",""
"TCL","Crops and livestock products","540","New Caledonia","5610","Import Quantity","01344.02","Cherries","2022","2022","t","7","X","Figure from international organizations","Estimated data using trading partners database"
"TCL","Crops and livestock products","554","New Zealand","5610","Import Quantity","01344.02","Cherries","2022","2022","t","7.64","A","Official figure",""
"TCL","Crops and livestock products","554","New Zealand","5910","Export Quantity","01344.02","Cherries","2022","2022","t","3304.36","A","Official figure",""
"TCL","Crops and livestock products","554","New Zealand","5610","Import Quantity","01344.01","Sour cherries","2022","2022","t","0.12","A","Official figure",""
"TCL","Crops and livestock products","558","Nicaragua","5610","Import Quantity","01344.02","Cherries","2022","2022","t","0.94","A","Official figure",""
"TCL","Crops and livestock products","562","Niger","5610","Import Quantity","01344.02","Cherries","2022","2022","t","0.13","A","Official figure",""
"TCL","Crops and livestock products","562","Niger","5610","Import Quantity","01344.01","Sour cherries","2022","2022","t","0.01","A","Official figure",""
"TCL","Crops and livestock products","566","Nigeria","5610","Import Quantity","01344.02","Cherries","2022","2022","t","0.61","X","Figure from international organizations","Estimated data using trading partners database"
"TCL","Crops and livestock products","566","Nigeria","5910","Export Quantity","01344.02","Cherries","2022","2022","t","0.51","X","Figure from international organizations","Estimated data using trading partners database"
"TCL","Crops and livestock products","566","Nigeria","5610","Import Quantity","01344.01","Sour cherries","2022","2022","t","0.59","X","Figure from international organizations","Estimated data using trading partners database"
"TCL","Crops and livestock products","807","North Macedonia","5610","Import Quantity","01344.02","Cherries","2022","2022","t","23.56","A","Official figure",""
"TCL","Crops and livestock products","807","North Macedonia","5910","Export Quantity","01344.02","Cherries","2022","2022","t","1726.14","A","Official figure",""
"TCL","Crops and livestock products","807","North Macedonia","5910","Export Quantity","01344.01","Sour cherries","2022","2022","t","224.79","A","Official figure",""
"TCL","Crops and livestock products","578","Norway","5610","Import Quantity","01344.02","Cherries","2022","2022","t","1391.63","A","Official figure",""
"TCL","Crops and livestock products","512","Oman","5610","Import Quantity","01344.02","Cherries","2022","2022","t","134.27","X","Figure from international organizations","Estimated data using trading partners database"
"TCL","Crops and livestock products","512","Oman","5610","Import Quantity","01344.01","Sour cherries","2022","2022","t","4.89","X","Figure from international organizations","Estimated data using trading partners database"
"TCL","Crops and livestock products","512","Oman","5910","Export Quantity","01344.01","Sour cherries","2022","2022","t","1.2","X","Figure from international organizations","Estimated data using trading partners database"
"TCL","Crops and livestock products","586","Pakistan","5910","Export Quantity","01344.02","Cherries","2022","2022","t","9.28","A","Official figure",""
"TCL","Crops and livestock products","591","Panama","5610","Import Quantity","01344.02","Cherries","2022","2022","t","77.99","A","Official figure",""
"TCL","Crops and livestock products","591","Panama","5610","Import Quantity","01344.01","Sour cherries","2022","2022","t","14.31","A","Official figure",""
"TCL","Crops and livestock products","598","Papua New Guinea","5610","Import Quantity","01344.02","Cherries","2022","2022","t","0.91","X","Figure from international organizations","Estimated data using trading partners database"
"TCL","Crops and livestock products","600","Paraguay","5610","Import Quantity","01344.02","Cherries","2022","2022","t","0.33","A","Official figure",""
"TCL","Crops and livestock products","600","Paraguay","5610","Import Quantity","01344.01","Sour cherries","2022","2022","t","5.25","A","Official figure",""
"TCL","Crops and livestock products","604","Peru","5610","Import Quantity","01344.02","Cherries","2022","2022","t","361.53","A","Official figure",""
"TCL","Crops and livestock products","604","Peru","5910","Export Quantity","01344.02","Cherries","2022","2022","t","0.01","A","Official figure",""
"TCL","Crops and livestock products","608","Philippines","5610","Import Quantity","01344.01","Sour cherries","2022","2022","t","0","A","Official figure",""
"TCL","Crops and livestock products","616","Poland","5610","Import Quantity","01344.02","Cherries","2022","2022","t","4729.76","A","Official figure",""
"TCL","Crops and livestock products","616","Poland","5910","Export Quantity","01344.02","Cherries","2022","2022","t","1680.56","A","Official figure",""
"TCL","Crops and livestock products","616","Poland","5610","Import Quantity","01344.01","Sour cherries","2022","2022","t","653.24","A","Official figure",""
"TCL","Crops and livestock products","616","Poland","5910","Export Quantity","01344.01","Sour cherries","2022","2022","t","4387.28","A","Official figure",""
"TCL","Crops and livestock products","620","Portugal","5610","Import Quantity","01344.02","Cherries","2022","2022","t","3317.57","A","Official figure",""
"TCL","Crops and livestock products","620","Portugal","5910","Export Quantity","01344.02","Cherries","2022","2022","t","854.44","A","Official figure",""
"TCL","Crops and livestock products","620","Portugal","5610","Import Quantity","01344.01","Sour cherries","2022","2022","t","261.58","A","Official figure",""
"TCL","Crops and livestock products","620","Portugal","5910","Export Quantity","01344.01","Sour cherries","2022","2022","t","2.44","A","Official figure",""
"TCL","Crops and livestock products","634","Qatar","5610","Import Quantity","01344.01","Sour cherries","2022","2022","t","381.32","A","Official figure",""
"TCL","Crops and livestock products","410","Republic of Korea","5610","Import Quantity","01344.02","Cherries","2022","2022","t","11505.27","A","Official figure",""
"TCL","Crops and livestock products","410","Republic of Korea","5910","Export Quantity","01344.02","Cherries","2022","2022","t","0.18","A","Official figure",""
"TCL","Crops and livestock products","410","Republic of Korea","5910","Export Quantity","01344.01","Sour cherries","2022","2022","t","0.34","A","Official figure",""
"TCL","Crops and livestock products","498","Republic of Moldova","5610","Import Quantity","01344.02","Cherries","2022","2022","t","6.72","A","Official figure",""
"TCL","Crops and livestock products","498","Republic of Moldova","5910","Export Quantity","01344.02","Cherries","2022","2022","t","10830.36","A","Official figure",""
"TCL","Crops and livestock products","642","Romania","5610","Import Quantity","01344.02","Cherries","2022","2022","t","4306.17","A","Official figure",""
"TCL","Crops and livestock products","642","Romania","5910","Export Quantity","01344.02","Cherries","2022","2022","t","373.6","A","Official figure",""
"TCL","Crops and livestock products","642","Romania","5610","Import Quantity","01344.01","Sour cherries","2022","2022","t","2394.38","A","Official figure",""
"TCL","Crops and livestock products","642","Romania","5910","Export Quantity","01344.01","Sour cherries","2022","2022","t","5.35","A","Official figure",""
"TCL","Crops and livestock products","643","Russian Federation","5610","Import Quantity","01344.02","Cherries","2022","2022","t","84675.28","X","Figure from international organizations","Estimated data using trading partners database"
"TCL","Crops and livestock products","643","Russian Federation","5910","Export Quantity","01344.02","Cherries","2022","2022","t","74.41","X","Figure from international organizations","Estimated data using trading partners database"
"TCL","Crops and livestock products","643","Russian Federation","5610","Import Quantity","01344.01","Sour cherries","2022","2022","t","3856.69","X","Figure from international organizations","Estimated data using trading partners database"
"TCL","Crops and livestock products","643","Russian Federation","5910","Export Quantity","01344.01","Sour cherries","2022","2022","t","40.75","X","Figure from international organizations","Estimated data using trading partners database"
"TCL","Crops and livestock products","646","Rwanda","5610","Import Quantity","01344.02","Cherries","2022","2022","t","0.16","A","Official figure",""
"TCL","Crops and livestock products","646","Rwanda","5610","Import Quantity","01344.01","Sour cherries","2022","2022","t","0.2","A","Official figure",""
"TCL","Crops and livestock products","882","Samoa","5610","Import Quantity","01344.02","Cherries","2022","2022","t","0.01","X","Figure from international organizations","Estimated data using trading partners database"
"TCL","Crops and livestock products","678","Sao Tome and Principe","5610","Import Quantity","01344.02","Cherries","2022","2022","t","0.05","A","Official figure",""
"TCL","Crops and livestock products","682","Saudi Arabia","5610","Import Quantity","01344.02","Cherries","2022","2022","t","4751","A","Official figure",""
"TCL","Crops and livestock products","682","Saudi Arabia","5910","Export Quantity","01344.01","Sour cherries","2022","2022","t","2.2","X","Figure from international organizations","Estimated data using trading partners database"
"TCL","Crops and livestock products","686","Senegal","5610","Import Quantity","01344.02","Cherries","2022","2022","t","8.33","A","Official figure",""
"TCL","Crops and livestock products","686","Senegal","5610","Import Quantity","01344.01","Sour cherries","2022","2022","t","0.57","A","Official figure",""
"TCL","Crops and livestock products","688","Serbia","5610","Import Quantity","01344.02","Cherries","2022","2022","t","161.95","A","Official figure",""
"TCL","Crops and livestock products","688","Serbia","5910","Export Quantity","01344.02","Cherries","2022","2022","t","4687.45","A","Official figure",""
"TCL","Crops and livestock products","688","Serbia","5610","Import Quantity","01344.01","Sour cherries","2022","2022","t","46.26","A","Official figure",""
"TCL","Crops and livestock products","688","Serbia","5910","Export Quantity","01344.01","Sour cherries","2022","2022","t","9581.98","A","Official figure",""
"TCL","Crops and livestock products","690","Seychelles","5610","Import Quantity","01344.02","Cherries","2022","2022","t","1.78","X","Figure from international organizations","Estimated data using trading partners database"
"TCL","Crops and livestock products","690","Seychelles","5610","Import Quantity","01344.01","Sour cherries","2022","2022","t","0.63","X","Figure from international organizations","Estimated data using trading partners database"
"TCL","Crops and livestock products","694","Sierra Leone","5610","Import Quantity","01344.02","Cherries","2022","2022","t","0.44","X","Figure from international organizations","Estimated data using trading partners database"
"TCL","Crops and livestock products","702","Singapore","5610","Import Quantity","01344.02","Cherries","2022","2022","t","1272.1","A","Official figure",""
"TCL","Crops and livestock products","702","Singapore","5910","Export Quantity","01344.02","Cherries","2022","2022","t","53.31","I","Imputed value",""
"TCL","Crops and livestock products","702","Singapore","5610","Import Quantity","01344.01","Sour cherries","2022","2022","t","473.04","A","Official figure",""
"TCL","Crops and livestock products","702","Singapore","5910","Export Quantity","01344.01","Sour cherries","2022","2022","t","22.72","A","Official figure",""
"TCL","Crops and livestock products","703","Slovakia","5610","Import Quantity","01344.02","Cherries","2022","2022","t","630.46","A","Official figure",""
"TCL","Crops and livestock products","703","Slovakia","5910","Export Quantity","01344.02","Cherries","2022","2022","t","33.7","A","Official figure",""
"TCL","Crops and livestock products","703","Slovakia","5610","Import Quantity","01344.01","Sour cherries","2022","2022","t","457.66","A","Official figure",""
"TCL","Crops and livestock products","703","Slovakia","5910","Export Quantity","01344.01","Sour cherries","2022","2022","t","0.03","A","Official figure",""
"TCL","Crops and livestock products","705","Slovenia","5610","Import Quantity","01344.02","Cherries","2022","2022","t","461.21","A","Official figure",""
"TCL","Crops and livestock products","705","Slovenia","5910","Export Quantity","01344.02","Cherries","2022","2022","t","20.18","A","Official figure",""
"TCL","Crops and livestock products","705","Slovenia","5610","Import Quantity","01344.01","Sour cherries","2022","2022","t","872.93","A","Official figure",""
"TCL","Crops and livestock products","705","Slovenia","5910","Export Quantity","01344.01","Sour cherries","2022","2022","t","727.36","A","Official figure",""
"TCL","Crops and livestock products","710","South Africa","5610","Import Quantity","01344.02","Cherries","2022","2022","t","90","A","Official figure",""
"TCL","Crops and livestock products","710","South Africa","5910","Export Quantity","01344.02","Cherries","2022","2022","t","968.62","A","Official figure",""
"TCL","Crops and livestock products","710","South Africa","5610","Import Quantity","01344.01","Sour cherries","2022","2022","t","26.93","A","Official figure",""
"TCL","Crops and livestock products","710","South Africa","5910","Export Quantity","01344.01","Sour cherries","2022","2022","t","216.47","A","Official figure",""
"TCL","Crops and livestock products","724","Spain","5610","Import Quantity","01344.02","Cherries","2022","2022","t","4640.94","A","Official figure",""
"TCL","Crops and livestock products","724","Spain","5910","Export Quantity","01344.02","Cherries","2022","2022","t","25588.23","A","Official figure",""
"TCL","Crops and livestock products","724","Spain","5610","Import Quantity","01344.01","Sour cherries","2022","2022","t","168.99","A","Official figure",""
"TCL","Crops and livestock products","724","Spain","5910","Export Quantity","01344.01","Sour cherries","2022","2022","t","1233.84","A","Official figure",""
"TCL","Crops and livestock products","144","Sri Lanka","5610","Import Quantity","01344.01","Sour cherries","2022","2022","t","3.19","A","Official figure",""
"TCL","Crops and livestock products","740","Suriname","5610","Import Quantity","01344.02","Cherries","2022","2022","t","12.16","A","Official figure",""
"TCL","Crops and livestock products","752","Sweden","5610","Import Quantity","01344.02","Cherries","2022","2022","t","2942.01","A","Official figure",""
"TCL","Crops and livestock products","752","Sweden","5910","Export Quantity","01344.02","Cherries","2022","2022","t","63.64","A","Official figure",""
"TCL","Crops and livestock products","752","Sweden","5610","Import Quantity","01344.01","Sour cherries","2022","2022","t","2.3","A","Official figure",""
"TCL","Crops and livestock products","752","Sweden","5910","Export Quantity","01344.01","Sour cherries","2022","2022","t","0","A","Official figure",""
"TCL","Crops and livestock products","756","Switzerland","5610","Import Quantity","01344.02","Cherries","2022","2022","t","2992.13","A","Official figure",""
"TCL","Crops and livestock products","756","Switzerland","5910","Export Quantity","01344.02","Cherries","2022","2022","t","7.02","I","Imputed value",""
"TCL","Crops and livestock products","756","Switzerland","5610","Import Quantity","01344.01","Sour cherries","2022","2022","t","8.87","A","Official figure",""
"TCL","Crops and livestock products","760","Syrian Arab Republic","5610","Import Quantity","01344.02","Cherries","2022","2022","t","1239.09","X","Figure from international organizations","Estimated data using trading partners database"
"TCL","Crops and livestock products","760","Syrian Arab Republic","5910","Export Quantity","01344.02","Cherries","2022","2022","t","4368","X","Figure from international organizations","Estimated data using trading partners database"
"TCL","Crops and livestock products","760","Syrian Arab Republic","5610","Import Quantity","01344.01","Sour cherries","2022","2022","t","2.5","X","Figure from international organizations","Estimated data using trading partners database"
"TCL","Crops and livestock products","760","Syrian Arab Republic","5910","Export Quantity","01344.01","Sour cherries","2022","2022","t","1461.28","I","Imputed value",""
"TCL","Crops and livestock products","762","Tajikistan","5910","Export Quantity","01344.02","Cherries","2022","2022","t","591.39","A","Official figure",""
"TCL","Crops and livestock products","762","Tajikistan","5910","Export Quantity","01344.01","Sour cherries","2022","2022","t","0.88","A","Official figure",""
"TCL","Crops and livestock products","764","Thailand","5610","Import Quantity","01344.02","Cherries","2022","2022","t","2216.93","A","Official figure",""
"TCL","Crops and livestock products","764","Thailand","5910","Export Quantity","01344.02","Cherries","2022","2022","t","21.03","A","Official figure",""
"TCL","Crops and livestock products","764","Thailand","5910","Export Quantity","01344.01","Sour cherries","2022","2022","t","9.7","A","Official figure",""
"TCL","Crops and livestock products","626","Timor-Leste","5610","Import Quantity","01344.01","Sour cherries","2022","2022","t","0.38","A","Official figure",""
"TCL","Crops and livestock products","776","Tonga","5610","Import Quantity","01344.02","Cherries","2022","2022","t","0.18","X","Figure from international organizations","Estimated data using trading partners database"
"TCL","Crops and livestock products","780","Trinidad and Tobago","5610","Import Quantity","01344.02","Cherries","2022","2022","t","205.13","A","Official figure",""
"TCL","Crops and livestock products","780","Trinidad and Tobago","5910","Export Quantity","01344.02","Cherries","2022","2022","t","0.02","A","Official figure",""
"TCL","Crops and livestock products","788","Tunisia","5910","Export Quantity","01344.02","Cherries","2022","2022","t","11.76","A","Official figure",""
"TCL","Crops and livestock products","792","Türkiye","5610","Import Quantity","01344.02","Cherries","2022","2022","t","0.77","A","Official figure",""
"TCL","Crops and livestock products","792","Türkiye","5910","Export Quantity","01344.02","Cherries","2022","2022","t","57290.43","A","Official figure",""
"TCL","Crops and livestock products","792","Türkiye","5610","Import Quantity","01344.01","Sour cherries","2022","2022","t","0.7","A","Official figure",""
"TCL","Crops and livestock products","792","Türkiye","5910","Export Quantity","01344.01","Sour cherries","2022","2022","t","624.9","A","Official figure",""
"TCL","Crops and livestock products","795","Turkmenistan","5610","Import Quantity","01344.02","Cherries","2022","2022","t","16.72","X","Figure from international organizations","Estimated data using trading partners database"
"TCL","Crops and livestock products","795","Turkmenistan","5610","Import Quantity","01344.01","Sour cherries","2022","2022","t","432.21","X","Figure from international organizations","Estimated data using trading partners database"
"TCL","Crops and livestock products","800","Uganda","5610","Import Quantity","01344.02","Cherries","2022","2022","t","2.4","X","Figure from international organizations","Estimated data using trading partners database"
"TCL","Crops and livestock products","800","Uganda","5610","Import Quantity","01344.01","Sour cherries","2022","2022","t","0.98","X","Figure from international organizations","Estimated data using trading partners database"
"TCL","Crops and livestock products","784","United Arab Emirates","5610","Import Quantity","01344.02","Cherries","2022","2022","t","2267.55","A","Official figure",""
"TCL","Crops and livestock products","784","United Arab Emirates","5910","Export Quantity","01344.02","Cherries","2022","2022","t","244.68","A","Official figure",""
"TCL","Crops and livestock products","826","United Kingdom of Great Britain and Northern Ireland","5610","Import Quantity","01344.02","Cherries","2022","2022","t","14895.05","A","Official figure",""
"TCL","Crops and livestock products","826","United Kingdom of Great Britain and Northern Ireland","5910","Export Quantity","01344.02","Cherries","2022","2022","t","452.75","A","Official figure",""
"TCL","Crops and livestock products","826","United Kingdom of Great Britain and Northern Ireland","5610","Import Quantity","01344.01","Sour cherries","2022","2022","t","7.45","A","Official figure",""
"TCL","Crops and livestock products","826","United Kingdom of Great Britain and Northern Ireland","5910","Export Quantity","01344.01","Sour cherries","2022","2022","t","25.79","A","Official figure",""
"TCL","Crops and livestock products","834","United Republic of Tanzania","5610","Import Quantity","01344.02","Cherries","2022","2022","t","15.92","A","Official figure",""
"TCL","Crops and livestock products","834","United Republic of Tanzania","5610","Import Quantity","01344.01","Sour cherries","2022","2022","t","0.54","A","Official figure",""
"TCL","Crops and livestock products","840","United States of America","5610","Import Quantity","01344.02","Cherries","2022","2022","t","24149.84","A","Official figure",""
"TCL","Crops and livestock products","840","United States of America","5910","Export Quantity","01344.02","Cherries","2022","2022","t","41141.73","A","Official figure",""
"TCL","Crops and livestock products","840","United States of America","5610","Import Quantity","01344.01","Sour cherries","2022","2022","t","83.21","A","Official figure",""
"TCL","Crops and livestock products","840","United States of America","5910","Export Quantity","01344.01","Sour cherries","2022","2022","t","1220.45","A","Official figure",""
"TCL","Crops and livestock products","858","Uruguay","5610","Import Quantity","01344.02","Cherries","2022","2022","t","65.08","A","Official figure",""
"TCL","Crops and livestock products","858","Uruguay","5910","Export Quantity","01344.02","Cherries","2022","2022","t","0.02","A","Official figure",""
"TCL","Crops and livestock products","858","Uruguay","5910","Export Quantity","01344.01","Sour cherries","2022","2022","t","0.02","A","Official figure",""
"TCL","Crops and livestock products","860","Uzbekistan","5910","Export Quantity","01344.02","Cherries","2022","2022","t","25422.84","I","Imputed value",""
"TCL","Crops and livestock products","860","Uzbekistan","5910","Export Quantity","01344.01","Sour cherries","2022","2022","t","1004.34","A","Official figure",""
"TCL","Crops and livestock products","548","Vanuatu","5610","Import Quantity","01344.02","Cherries","2022","2022","t","0.89","X","Figure from international organizations","Estimated data using trading partners database"
"TCL","Crops and livestock products","548","Vanuatu","5910","Export Quantity","01344.01","Sour cherries","2022","2022","t","0.02","X","Figure from international organizations","Estimated data using trading partners database"
"TCL","Crops and livestock products","862","Venezuela (Bolivarian Republic of)","5610","Import Quantity","01344.02","Cherries","2022","2022","t","60.15","X","Figure from international organizations","Estimated data using trading partners database"
"TCL","Crops and livestock products","862","Venezuela (Bolivarian Republic of)","5610","Import Quantity","01344.01","Sour cherries","2022","2022","t","4.14","X","Figure from international organizations","Estimated data using trading partners database"
"TCL","Crops and livestock products","862","Venezuela (Bolivarian Republic of)","5910","Export Quantity","01344.01","Sour cherries","2022","2022","t","0.01","X","Figure from international organizations","Estimated data using trading partners database"
"TCL","Crops and livestock products","704","Viet Nam","5610","Import Quantity","01344.02","Cherries","2022","2022","t","7370","A","Official figure",""
"TCL","Crops and livestock products","704","Viet Nam","5910","Export Quantity","01344.02","Cherries","2022","2022","t","16.01","X","Figure from international organizations","Estimated data using trading partners database"
"TCL","Crops and livestock products","704","Viet Nam","5610","Import Quantity","01344.01","Sour cherries","2022","2022","t","163.04","X","Figure from international organizations","Estimated data using trading partners database"
"TCL","Crops and livestock products","704","Viet Nam","5910","Export Quantity","01344.01","Sour cherries","2022","2022","t","0.07","X","Figure from international organizations","Estimated data using trading partners database"
"TCL","Crops and livestock products","887","Yemen","5610","Import Quantity","01344.02","Cherries","2022","2022","t","23.43","X","Figure from international organizations","Estimated data using trading partners database"
"TCL","Crops and livestock products","894","Zambia","5610","Import Quantity","01344.02","Cherries","2022","2022","t","8.21","A","Official figure",""
"TCL","Crops and livestock products","894","Zambia","5610","Import Quantity","01344.01","Sour cherries","2022","2022","t","2.13","A","Official figure",""
